{"stats":{"minecraft:custom":{"minecraft:time_since_rest":11989,"minecraft:crouch_one_cm":35,"minecraft:interact_with_furnace":1,"minecraft:play_time":11989,"minecraft:sprint_one_cm":7853,"minecraft:interact_with_campfire":6,"minecraft:walk_one_cm":19819,"minecraft:sneak_time":37,"minecraft:walk_under_water_one_cm":4140,"minecraft:mob_kills":4,"minecraft:jump":71,"minecraft:damage_dealt":289,"minecraft:time_since_death":11989,"minecraft:walk_on_water_one_cm":4137,"minecraft:total_world_time":11989,"minecraft:interact_with_crafting_table":3,"minecraft:swim_one_cm":5182,"minecraft:fall_one_cm":1941,"minecraft:fly_one_cm":16506},"minecraft:used":{"minecraft:stone_sword":8,"minecraft:oak_sapling":1,"minecraft:glass_bottle":3,"minecraft:campfire":1,"minecraft:wooden_pickaxe":18},"minecraft:killed":{"minecraft:drowned":1,"minecraft:salmon":3},"minecraft:mined":{"minecraft:grass":2,"minecraft:oak_log":8,"minecraft:stone":18},"minecraft:picked_up":{"minecraft:cooked_salmon":1,"minecraft:salmon":3,"minecraft:rotten_flesh":4,"minecraft:potion":3,"minecraft:oak_log":8,"minecraft:glass_bottle":3,"minecraft:oak_sapling":1,"minecraft:dirt":3,"minecraft:cobblestone":20},"minecraft:crafted":{"minecraft:stone_sword":1,"minecraft:oak_planks":20,"minecraft:campfire":1,"minecraft:crafting_table":1,"minecraft:stick":12,"minecraft:wooden_pickaxe":1}},"DataVersion":3465}