{"stats":{"minecraft:used":{"minecraft:stone_sword":24,"automobility:auto_mechanic_table":1,"minecraft:glass_bottle":4,"minecraft:stone_pickaxe":3,"minecraft:chest":2,"minecraft:wooden_pickaxe":41,"minecraft:torch":2,"minecraft:cobblestone":1,"automobility:slope":1,"minecraft:dirt":2,"minecraft:crafting_table":1,"minecraft:jungle_planks":1,"minecraft:granite":1,"automobility:automobile_assembler":2},"minecraft:custom":{"minecraft:time_since_rest":53752,"minecraft:sprint_one_cm":26344,"minecraft:damage_taken":252,"minecraft:walk_one_cm":62921,"minecraft:mob_kills":5,"minecraft:damage_dealt":656,"minecraft:damage_dealt_absorbed":8,"minecraft:interact_with_crafting_table":5,"minecraft:fly_one_cm":50852,"minecraft:open_chest":7,"minecraft:crouch_one_cm":93,"minecraft:play_time":71432,"minecraft:deaths":1,"minecraft:sneak_time":122,"minecraft:walk_under_water_one_cm":1250,"minecraft:jump":192,"minecraft:time_since_death":53724,"minecraft:walk_on_water_one_cm":3631,"minecraft:total_world_time":71432,"minecraft:climb_one_cm":214,"minecraft:fall_one_cm":2628},"minecraft:broken":{"minecraft:wooden_pickaxe":1},"minecraft:mined":{"farmersdelight:wild_rice":16,"minecraft:crafting_table":1,"minecraft:granite":1,"minecraft:grass":1,"minecraft:coal_ore":14,"minecraft:vine":1,"minecraft:jungle_log":4,"minecraft:dirt":2,"minecraft:stone":10,"minecraft:oak_leaves":3},"minecraft:crafted":{"minecraft:crafting_table":1,"minecraft:stick":16,"minecraft:wooden_pickaxe":1,"minecraft:stone_pickaxe":1,"minecraft:stone_sword":1,"minecraft:torch":20,"minecraft:jungle_planks":16},"minecraft:killed":{"minecraft:zombie":1,"minecraft:chicken":1,"minecraft:zombie_villager":3},"minecraft:picked_up":{"minecraft:crafting_table":1,"farmersdelight:rice":16,"minecraft:jungle_log":4,"pointblank:gunmetal_nugget":7,"minecraft:dirt":2,"minecraft:rotten_flesh":2,"minecraft:granite":1,"minecraft:coal":14,"minecraft:cobblestone":10}},"DataVersion":3465}