{"stats":{"minecraft:custom":{"minecraft:time_since_rest":38838,"minecraft:sprint_one_cm":26514,"minecraft:damage_taken":35,"minecraft:walk_one_cm":72158,"minecraft:mob_kills":36,"minecraft:drop":1,"minecraft:damage_dealt":39,"minecraft:swim_one_cm":5920,"minecraft:tune_noteblock":3,"minecraft:fly_one_cm":129323,"minecraft:open_barrel":1,"minecraft:open_chest":1,"minecraft:crouch_one_cm":712,"minecraft:play_time":38838,"minecraft:sneak_time":322,"minecraft:walk_under_water_one_cm":2564,"minecraft:interact_with_lectern":1,"minecraft:jump":140,"minecraft:leave_game":1,"minecraft:walk_on_water_one_cm":488,"minecraft:time_since_death":38838,"minecraft:climb_one_cm":2944,"minecraft:total_world_time":38838,"minecraft:fall_one_cm":209},"minecraft:picked_up":{"spore:cerebrum":1,"minecraft:feather":2,"minecraft:chicken":1,"pointblank:gunmetal_nugget":14,"minecraft:porkchop":3,"pointblank:deserteagle":1,"minecraft:rotten_flesh":1,"farmersdelight:cabbage":1,"spore:mutated_fiber":7,"minecraft:egg":1},"minecraft:killed":{"spore:inf_pillager":1,"minecraft:zombie":2,"spore:inf_human":17,"minecraft:pig":5,"minecraft:bee":1,"spore:inf_player":2,"minecraft:chicken":1,"minecraft:salmon":1,"spore:inf_witch":1,"minecraft:spider":1,"minecraft:bat":1,"minecraft:squid":1,"minecraft:cow":2},"minecraft:dropped":{"pointblank:deserteagle":1},"minecraft:used":{"farmersdelight:onion_crate":1,"horror_element_mod:villager_head":3,"farmersdelight:stove":1,"farmersdelight:melon_juice":1,"farmersdelight:cooking_pot":2,"horror_element_mod:chained_entity":2}},"DataVersion":3465}