{"stats":{"minecraft:picked_up":{"minecraft:rotten_flesh":2,"minecraft:jungle_log":3,"minecraft:granite":1,"pointblank:gunmetal_nugget":7,"minecraft:coal":14,"minecraft:cobblestone":7},"minecraft:mined":{"minecraft:granite":1,"minecraft:grass":1,"minecraft:coal_ore":14,"minecraft:vine":1,"minecraft:jungle_log":3,"minecraft:stone":7},"minecraft:killed":{"minecraft:zombie":1,"minecraft:zombie_villager":3},"minecraft:used":{"minecraft:torch":2,"minecraft:stone_sword":8,"minecraft:crafting_table":1,"minecraft:glass_bottle":4,"minecraft:wooden_pickaxe":41,"minecraft:chest":2,"minecraft:granite":1},"minecraft:broken":{"minecraft:wooden_pickaxe":1},"minecraft:custom":{"minecraft:time_since_rest":3802,"minecraft:crouch_one_cm":25,"minecraft:damage_taken":252,"minecraft:play_time":21482,"minecraft:sprint_one_cm":21639,"minecraft:walk_one_cm":50799,"minecraft:deaths":1,"minecraft:sneak_time":5,"minecraft:mob_kills":4,"minecraft:jump":138,"minecraft:damage_dealt":656,"minecraft:time_since_death":3774,"minecraft:total_world_time":21482,"minecraft:climb_one_cm":214,"minecraft:damage_dealt_absorbed":8,"minecraft:interact_with_crafting_table":4,"minecraft:fall_one_cm":2001,"minecraft:fly_one_cm":34161,"minecraft:open_chest":7},"minecraft:crafted":{"minecraft:stone_sword":1,"minecraft:torch":20,"minecraft:crafting_table":1,"minecraft:stick":8,"minecraft:wooden_pickaxe":1,"minecraft:jungle_planks":12}},"DataVersion":3465}