{"stats":{"minecraft:picked_up":{"farmersdelight:rice":16,"minecraft:jungle_log":4,"pointblank:gunmetal_nugget":7,"minecraft:dirt":2,"minecraft:rotten_flesh":2,"minecraft:granite":1,"minecraft:coal":14,"minecraft:cobblestone":7},"minecraft:mined":{"farmersdelight:wild_rice":16,"minecraft:granite":1,"minecraft:grass":1,"minecraft:coal_ore":14,"minecraft:vine":1,"minecraft:jungle_log":4,"minecraft:dirt":2,"minecraft:stone":7,"minecraft:oak_leaves":3},"minecraft:killed":{"minecraft:zombie":1,"minecraft:zombie_villager":3},"minecraft:used":{"minecraft:stone_sword":24,"minecraft:glass_bottle":4,"minecraft:chest":2,"minecraft:wooden_pickaxe":41,"minecraft:torch":2,"minecraft:dirt":2,"minecraft:crafting_table":1,"minecraft:jungle_planks":1,"minecraft:granite":1},"minecraft:broken":{"minecraft:wooden_pickaxe":1},"minecraft:custom":{"minecraft:time_since_rest":15802,"minecraft:sprint_one_cm":22816,"minecraft:damage_taken":252,"minecraft:walk_one_cm":54984,"minecraft:mob_kills":4,"minecraft:damage_dealt":656,"minecraft:damage_dealt_absorbed":8,"minecraft:interact_with_crafting_table":4,"minecraft:fly_one_cm":36176,"minecraft:open_chest":7,"minecraft:crouch_one_cm":25,"minecraft:play_time":33482,"minecraft:deaths":1,"minecraft:sneak_time":5,"minecraft:jump":158,"minecraft:time_since_death":15774,"minecraft:walk_on_water_one_cm":3329,"minecraft:climb_one_cm":214,"minecraft:total_world_time":33482,"minecraft:fall_one_cm":2210},"minecraft:crafted":{"minecraft:crafting_table":1,"minecraft:stick":8,"minecraft:wooden_pickaxe":1,"minecraft:stone_sword":1,"minecraft:torch":20,"minecraft:jungle_planks":16}},"DataVersion":3465}