{"stats":{"minecraft:custom":{"minecraft:time_since_rest":7460,"minecraft:interact_with_furnace":1,"minecraft:sprint_one_cm":14941,"minecraft:damage_taken":120,"minecraft:walk_one_cm":58172,"minecraft:mob_kills":8,"minecraft:damage_dealt":549,"minecraft:swim_one_cm":5182,"minecraft:interact_with_crafting_table":4,"minecraft:fly_one_cm":28572,"minecraft:crouch_one_cm":149,"minecraft:play_time":23989,"minecraft:interact_with_campfire":6,"minecraft:sneak_time":272,"minecraft:walk_under_water_one_cm":5160,"minecraft:jump":185,"minecraft:walk_on_water_one_cm":8121,"minecraft:time_since_death":23989,"minecraft:sleep_in_bed":1,"minecraft:total_world_time":23989,"minecraft:fall_one_cm":2986},"minecraft:used":{"minecraft:stone_sword":17,"minecraft:glass_bottle":3,"minecraft:wooden_pickaxe":50,"minecraft:cooked_salmon":1,"minecraft:dirt":3,"minecraft:potion":1,"minecraft:oak_sapling":1,"minecraft:white_bed":1,"minecraft:campfire":1,"minecraft:granite":1},"minecraft:mined":{"minecraft:white_bed":1,"farmersdelight:wild_rice":15,"farmersdelight:wild_carrots":5,"minecraft:granite":1,"minecraft:grass":3,"minecraft:coal_ore":14,"minecraft:oak_log":8,"minecraft:campfire":1,"minecraft:stone":19},"minecraft:picked_up":{"minecraft:charcoal":2,"farmersdelight:rice":13,"minecraft:salmon":3,"minecraft:potion":3,"pointblank:gunmetal_nugget":3,"minecraft:oak_log":8,"minecraft:white_bed":1,"minecraft:carrot":5,"minecraft:dirt":3,"minecraft:cooked_salmon":1,"minecraft:rotten_flesh":12,"minecraft:granite":1,"minecraft:glass_bottle":4,"minecraft:oak_sapling":1,"minecraft:mutton":4,"minecraft:coal":14,"minecraft:white_wool":3,"minecraft:cobblestone":21},"minecraft:killed":{"minecraft:sheep":2,"minecraft:zombie":1,"minecraft:salmon":3,"minecraft:drowned":1},"minecraft:crafted":{"minecraft:oak_planks":20,"minecraft:crafting_table":1,"minecraft:stick":12,"minecraft:wooden_pickaxe":1,"minecraft:stone_sword":1,"minecraft:white_bed":1,"minecraft:campfire":1}},"DataVersion":3465}