{"stats":{"minecraft:custom":{"minecraft:time_since_rest":11694,"minecraft:interact_with_furnace":3,"minecraft:sprint_one_cm":5808,"minecraft:damage_taken":10,"minecraft:walk_one_cm":18304,"minecraft:drop":6,"minecraft:interact_with_crafting_table":6,"minecraft:fly_one_cm":5610,"minecraft:crouch_one_cm":732,"minecraft:play_time":11694,"minecraft:interact_with_campfire":3,"minecraft:sneak_time":410,"minecraft:jump":30,"minecraft:leave_game":1,"minecraft:time_since_death":11694,"minecraft:total_world_time":11694,"minecraft:fall_one_cm":627},"minecraft:used":{"minecraft:glass_bottle":3,"minecraft:stone_pickaxe":40,"minecraft:wooden_pickaxe":3,"minecraft:crafting_table":1,"minecraft:furnace":1},"minecraft:dropped":{"minecraft:glass_bottle":3,"minecraft:potion":1,"minecraft:rotten_flesh":4,"minecraft:sand":1},"minecraft:mined":{"horror_element_mod:spiked_villager":1,"minecraft:grass":2,"minecraft:oak_log":4,"minecraft:grass_block":1,"minecraft:coal_ore":5,"minecraft:sand":7,"minecraft:dirt":4,"minecraft:copper_ore":8,"minecraft:stone":29,"minecraft:oak_leaves":1},"minecraft:picked_up":{"minecraft:potion":4,"minecraft:sand":7,"minecraft:oak_log":4,"minecraft:dirt":2,"minecraft:raw_copper":32,"minecraft:cooked_salmon":2,"minecraft:rotten_flesh":4,"minecraft:oak_sapling":1,"minecraft:coal":5,"minecraft:cobblestone":27},"minecraft:crafted":{"minecraft:glass_bottle":6,"minecraft:glass":6,"minecraft:oak_planks":16,"minecraft:crafting_table":1,"minecraft:stick":8,"minecraft:wooden_pickaxe":1,"minecraft:stone_pickaxe":1,"minecraft:stone_sword":1,"minecraft:furnace":1,"minecraft:stone_axe":1,"minecraft:air":0}},"DataVersion":3465}