{"stats":{"minecraft:custom":{"minecraft:time_since_rest":7460,"minecraft:interact_with_furnace":4,"minecraft:sprint_one_cm":16607,"minecraft:damage_taken":96,"minecraft:walk_one_cm":51613,"minecraft:mob_kills":5,"minecraft:drop":8,"minecraft:damage_dealt":557,"minecraft:interact_with_crafting_table":7,"minecraft:fly_one_cm":12926,"minecraft:crouch_one_cm":1452,"minecraft:play_time":23694,"minecraft:interact_with_campfire":3,"minecraft:walk_under_water_one_cm":198,"minecraft:sneak_time":751,"minecraft:jump":140,"minecraft:walk_on_water_one_cm":3373,"minecraft:leave_game":1,"minecraft:time_since_death":23694,"minecraft:sleep_in_bed":1,"minecraft:total_world_time":23694,"minecraft:fall_one_cm":1858},"minecraft:used":{"minecraft:stone_sword":7,"minecraft:glass_bottle":3,"minecraft:stone_pickaxe":79,"minecraft:wooden_pickaxe":3,"minecraft:cooked_salmon":1,"minecraft:stone_axe":17,"minecraft:dirt":2,"minecraft:cobblestone":4,"minecraft:potion":1,"minecraft:crafting_table":2,"minecraft:furnace":1,"minecraft:white_bed":1},"minecraft:dropped":{"minecraft:glass_bottle":3,"minecraft:potion":1,"minecraft:rotten_flesh":12,"minecraft:sand":1},"minecraft:mined":{"minecraft:white_bed":1,"minecraft:furnace":1,"horror_element_mod:dead_pig":1,"farmersdelight:wild_rice":1,"horror_element_mod:spiked_villager":2,"minecraft:crafting_table":2,"minecraft:grass":4,"minecraft:oak_log":13,"minecraft:grass_block":2,"minecraft:coal_ore":26,"minecraft:sand":7,"minecraft:dirt":5,"minecraft:copper_ore":19,"minecraft:stone":34,"minecraft:fern":1,"minecraft:oak_leaves":1},"minecraft:picked_up":{"minecraft:crafting_table":2,"farmersdelight:rice":3,"minecraft:leather":1,"minecraft:potion":4,"minecraft:sand":7,"minecraft:oak_log":13,"minecraft:white_bed":1,"minecraft:dirt":2,"minecraft:raw_copper":64,"minecraft:cooked_salmon":2,"minecraft:rotten_flesh":12,"minecraft:beef":3,"minecraft:glass_bottle":1,"minecraft:oak_sapling":1,"minecraft:mutton":7,"minecraft:coal":29,"minecraft:egg":2,"minecraft:white_wool":3,"minecraft:cobblestone":32,"minecraft:furnace":1},"minecraft:killed":{"minecraft:sheep":4,"minecraft:cow":1},"minecraft:crafted":{"minecraft:glass_bottle":6,"minecraft:glass":6,"minecraft:oak_planks":16,"minecraft:crafting_table":1,"minecraft:stick":8,"minecraft:wooden_pickaxe":1,"minecraft:stone_pickaxe":1,"minecraft:stone_sword":1,"minecraft:furnace":1,"minecraft:white_bed":1,"minecraft:torch":4,"minecraft:stone_axe":1,"minecraft:air":0}},"DataVersion":3465}