{
	"level_seeds": [
		{
			"dim": "lostcities:lostcity",
			"seed": 2606172024
		},
		{
			"dim": "minecraft:the_nether",
			"seed": 2606172024
		},
		{
			"dim": "minecraft:the_end",
			"seed": 2606172024
		},
		{
			"dim": "minecraft:overworld",
			"seed": 2606172024
		}
	],
	"structure_seeds": [
		{
			"dim": "lostcities:lostcity",
			"seed": 2606172024
		},
		{
			"dim": "minecraft:the_nether",
			"seed": 2606172024
		},
		{
			"dim": "minecraft:the_end",
			"seed": 2606172024
		},
		{
			"dim": "minecraft:overworld",
			"seed": 2606172024
		}
	]
}