{
	"level_seeds": [
		{
			"dim": "minecraft:the_end",
			"seed": -1169723354107632959
		},
		{
			"dim": "lostcities:lostcity",
			"seed": -1169723354107632959
		},
		{
			"dim": "minecraft:overworld",
			"seed": -1169723354107632959
		},
		{
			"dim": "minecraft:the_nether",
			"seed": -1169723354107632959
		}
	],
	"structure_seeds": [
		{
			"dim": "minecraft:the_end",
			"seed": -1169723354107632959
		},
		{
			"dim": "lostcities:lostcity",
			"seed": -1169723354107632959
		},
		{
			"dim": "minecraft:overworld",
			"seed": -1169723354107632959
		},
		{
			"dim": "minecraft:the_nether",
			"seed": -1169723354107632959
		}
	]
}